Article_Number,Total_Tokens,Elapsed_Time,Success,Documents_in_Store
1,1801365,52.3932900428772,True,2576
2,1801365,52.3932900428772,True,2576
3,1801365,52.3932900428772,True,2576
4,1801365,52.3932900428772,True,2576
5,1801365,52.3932900428772,True,2576
6,1801365,52.3932900428772,True,2576
7,1801365,52.3932900428772,True,2576
8,1801365,52.3932900428772,True,2576
9,1801365,52.3932900428772,True,2576
10,1801365,52.3932900428772,True,2576
11,1801365,52.3932900428772,True,2576
12,1801365,52.3932900428772,True,2576
13,1801365,52.3932900428772,True,2576
14,1801365,52.3932900428772,True,2576
15,1801365,52.3932900428772,True,2576
16,1801365,52.3932900428772,True,2576
17,1801365,52.3932900428772,True,2576
18,1801365,52.3932900428772,True,2576
19,1801365,52.3932900428772,True,2576
20,1801365,52.3932900428772,True,2576
21,1801365,52.3932900428772,True,2576
22,1801365,52.3932900428772,True,2576
23,1801365,52.3932900428772,True,2576
24,1801365,52.3932900428772,True,2576
25,1801365,52.3932900428772,True,2576
26,1801365,52.3932900428772,True,2576
27,1801365,52.3932900428772,True,2576
28,1801365,52.3932900428772,True,2576
29,1801365,52.3932900428772,True,2576
30,1801365,52.3932900428772,True,2576
31,1801365,52.3932900428772,True,2576
32,1801365,52.3932900428772,True,2576
33,1801365,52.3932900428772,True,2576
34,1801365,52.3932900428772,True,2576
35,1801365,52.3932900428772,True,2576
36,1801365,52.3932900428772,True,2576
37,1801365,52.3932900428772,True,2576
38,1801365,52.3932900428772,True,2576
39,1801365,52.3932900428772,True,2576
40,1801365,52.3932900428772,True,2576
41,1801365,52.3932900428772,True,2576
42,1801365,52.3932900428772,True,2576
43,1801365,52.3932900428772,True,2576
44,1801365,52.3932900428772,True,2576
45,1801365,52.3932900428772,True,2576
46,1801365,52.3932900428772,True,2576
47,1801365,52.3932900428772,True,2576
48,1801365,52.3932900428772,True,2576
49,1801365,52.3932900428772,True,2576
50,1801365,52.3932900428772,True,2576
51,1801365,52.3932900428772,True,2576
52,1801365,52.3932900428772,True,2576
53,1801365,52.3932900428772,True,2576
54,1801365,52.3932900428772,True,2576
55,1801365,52.3932900428772,True,2576
56,1801365,52.3932900428772,True,2576
57,1801365,52.3932900428772,True,2576
58,1801365,52.3932900428772,True,2576
59,1801365,52.3932900428772,True,2576
60,1801365,52.3932900428772,True,2576
61,1801365,52.3932900428772,True,2576
62,1801365,52.3932900428772,True,2576
63,1801365,52.3932900428772,True,2576
64,1801365,52.3932900428772,True,2576
65,1801365,52.3932900428772,True,2576
66,1801365,52.3932900428772,True,2576
67,1801365,52.3932900428772,True,2576
68,1801365,52.3932900428772,True,2576
69,1801365,52.3932900428772,True,2576
70,1801365,52.3932900428772,True,2576
71,1801365,52.3932900428772,True,2576
72,1801365,52.3932900428772,True,2576
73,1801365,52.3932900428772,True,2576
74,1801365,52.3932900428772,True,2576
75,1801365,52.3932900428772,True,2576
76,1801365,52.3932900428772,True,2576
77,1801365,52.3932900428772,True,2576
78,1801365,52.3932900428772,True,2576
79,1801365,52.3932900428772,True,2576
80,1801365,52.3932900428772,True,2576
81,1801365,52.3932900428772,True,2576
82,1801365,52.3932900428772,True,2576
83,1801365,52.3932900428772,True,2576
84,1801365,52.3932900428772,True,2576
85,1801365,52.3932900428772,True,2576
86,1801365,52.3932900428772,True,2576
87,1801365,52.3932900428772,True,2576
88,1801365,52.3932900428772,True,2576
89,1801365,52.3932900428772,True,2576
90,1801365,52.3932900428772,True,2576
91,1801365,52.3932900428772,True,2576
92,1801365,52.3932900428772,True,2576
93,1801365,52.3932900428772,True,2576
94,1801365,52.3932900428772,True,2576
95,1801365,52.3932900428772,True,2576
96,1801365,52.3932900428772,True,2576
97,1801365,52.3932900428772,True,2576
98,1801365,52.3932900428772,True,2576
99,1801365,52.3932900428772,True,2576
100,1801365,52.3932900428772,True,2576
101,1801365,52.3932900428772,True,2576
102,1801365,52.3932900428772,True,2576
103,1801365,52.3932900428772,True,2576
104,1801365,52.3932900428772,True,2576
105,1801365,52.3932900428772,True,2576
106,1801365,52.3932900428772,True,2576
107,1801365,52.3932900428772,True,2576
108,1801365,52.3932900428772,True,2576
109,1801365,52.3932900428772,True,2576
110,1801365,52.3932900428772,True,2576
111,1801365,52.3932900428772,True,2576
112,1801365,52.3932900428772,True,2576
113,1801365,52.3932900428772,True,2576
114,1801365,52.3932900428772,True,2576
115,1801365,52.3932900428772,True,2576
116,1801365,52.3932900428772,True,2576
117,1801365,52.3932900428772,True,2576
118,1801365,52.3932900428772,True,2576
119,1801365,52.3932900428772,True,2576
120,1801365,52.3932900428772,True,2576
121,1801365,52.3932900428772,True,2576
122,1801365,52.3932900428772,True,2576
123,1801365,52.3932900428772,True,2576
124,1801365,52.3932900428772,True,2576
125,1801365,52.3932900428772,True,2576
126,1801365,52.3932900428772,True,2576
127,1801365,52.3932900428772,True,2576
128,1801365,52.3932900428772,True,2576
129,1801365,52.3932900428772,True,2576
130,1801365,52.3932900428772,True,2576
131,1801365,52.3932900428772,True,2576
132,1801365,52.3932900428772,True,2576
133,1801365,52.3932900428772,True,2576
134,1801365,52.3932900428772,True,2576
135,1801365,52.3932900428772,True,2576
136,1801365,52.3932900428772,True,2576
137,1801365,52.3932900428772,True,2576
138,1801365,52.3932900428772,True,2576
139,1801365,52.3932900428772,True,2576
140,1801365,52.3932900428772,True,2576
141,1801365,52.3932900428772,True,2576
142,1801365,52.3932900428772,True,2576
143,1801365,52.3932900428772,True,2576
144,1801365,52.3932900428772,True,2576
145,1801365,52.3932900428772,True,2576
146,1801365,52.3932900428772,True,2576
147,1801365,52.3932900428772,True,2576
148,1801365,52.3932900428772,True,2576
149,1801365,52.3932900428772,True,2576
150,1801365,52.3932900428772,True,2576
151,1801365,52.3932900428772,True,2576
152,1801365,52.3932900428772,True,2576
153,1801365,52.3932900428772,True,2576
154,1801365,52.3932900428772,True,2576
155,1801365,52.3932900428772,True,2576
156,1801365,52.3932900428772,True,2576
157,1801365,52.3932900428772,True,2576
158,1801365,52.3932900428772,True,2576
159,1801365,52.3932900428772,True,2576
160,1801365,52.3932900428772,True,2576
161,1801365,52.3932900428772,True,2576
162,1801365,52.3932900428772,True,2576
163,1801365,52.3932900428772,True,2576
164,1801365,52.3932900428772,True,2576
165,1801365,52.3932900428772,True,2576
166,1801365,52.3932900428772,True,2576
167,1801365,52.3932900428772,True,2576
168,1801365,52.3932900428772,True,2576
169,1801365,52.3932900428772,True,2576
170,1801365,52.3932900428772,True,2576
171,1801365,52.3932900428772,True,2576
172,1801365,52.3932900428772,True,2576
173,1801365,52.3932900428772,True,2576
174,1801365,52.3932900428772,True,2576
175,1801365,52.3932900428772,True,2576
176,1801365,52.3932900428772,True,2576
177,1801365,52.3932900428772,True,2576
178,1801365,52.3932900428772,True,2576
179,1801365,52.3932900428772,True,2576
180,1801365,52.3932900428772,True,2576
181,1801365,52.3932900428772,True,2576
182,1801365,52.3932900428772,True,2576
183,1801365,52.3932900428772,True,2576
184,1801365,52.3932900428772,True,2576
185,1801365,52.3932900428772,True,2576
186,1801365,52.3932900428772,True,2576
187,1801365,52.3932900428772,True,2576
188,1801365,52.3932900428772,True,2576
189,1801365,52.3932900428772,True,2576
190,1801365,52.3932900428772,True,2576
191,1801365,52.3932900428772,True,2576
192,1801365,52.3932900428772,True,2576
193,1801365,52.3932900428772,True,2576
194,1801365,52.3932900428772,True,2576
195,1801365,52.3932900428772,True,2576
196,1801365,52.3932900428772,True,2576
197,1801365,52.3932900428772,True,2576
198,1801365,52.3932900428772,True,2576
199,1801365,52.3932900428772,True,2576
200,1801365,52.3932900428772,True,2576
201,1801365,52.3932900428772,True,2576
202,1801365,52.3932900428772,True,2576
203,1801365,52.3932900428772,True,2576
204,1801365,52.3932900428772,True,2576
205,1801365,52.3932900428772,True,2576
206,1801365,52.3932900428772,True,2576
207,1801365,52.3932900428772,True,2576
208,1801365,52.3932900428772,True,2576
209,1801365,52.3932900428772,True,2576
210,1801365,52.3932900428772,True,2576
211,1801365,52.3932900428772,True,2576
212,1801365,52.3932900428772,True,2576
213,1801365,52.3932900428772,True,2576
214,1801365,52.3932900428772,True,2576
215,1801365,52.3932900428772,True,2576
216,1801365,52.3932900428772,True,2576
217,1801365,52.3932900428772,True,2576
218,1801365,52.3932900428772,True,2576
219,1801365,52.3932900428772,True,2576
220,1801365,52.3932900428772,True,2576
221,1801365,52.3932900428772,True,2576
222,1801365,52.3932900428772,True,2576
223,1801365,52.3932900428772,True,2576
224,1801365,52.3932900428772,True,2576
225,1801365,52.3932900428772,True,2576
226,1801365,52.3932900428772,True,2576
227,1801365,52.3932900428772,True,2576
228,1801365,52.3932900428772,True,2576
229,1801365,52.3932900428772,True,2576
230,1801365,52.3932900428772,True,2576
231,1801365,52.3932900428772,True,2576
232,1801365,52.3932900428772,True,2576
233,1801365,52.3932900428772,True,2576
234,1801365,52.3932900428772,True,2576
235,1801365,52.3932900428772,True,2576
236,1801365,52.3932900428772,True,2576
237,1801365,52.3932900428772,True,2576
238,1801365,52.3932900428772,True,2576
239,1801365,52.3932900428772,True,2576
240,1801365,52.3932900428772,True,2576
241,1801365,52.3932900428772,True,2576
242,1801365,52.3932900428772,True,2576
243,1801365,52.3932900428772,True,2576
244,1801365,52.3932900428772,True,2576
245,1801365,52.3932900428772,True,2576
246,1801365,52.3932900428772,True,2576
247,1801365,52.3932900428772,True,2576
248,1801365,52.3932900428772,True,2576
249,1801365,52.3932900428772,True,2576
250,1801365,52.3932900428772,True,2576
251,1801365,52.3932900428772,True,2576
252,1801365,52.3932900428772,True,2576
253,1801365,52.3932900428772,True,2576
254,1801365,52.3932900428772,True,2576
255,1801365,52.3932900428772,True,2576
256,1801365,52.3932900428772,True,2576
257,3129691,88.05740094184875,True,4525
258,3129691,88.05740094184875,True,4525
259,3129691,88.05740094184875,True,4525
260,3129691,88.05740094184875,True,4525
261,3129691,88.05740094184875,True,4525
262,3129691,88.05740094184875,True,4525
263,3129691,88.05740094184875,True,4525
264,3129691,88.05740094184875,True,4525
265,3129691,88.05740094184875,True,4525
266,3129691,88.05740094184875,True,4525
267,3129691,88.05740094184875,True,4525
268,3129691,88.05740094184875,True,4525
269,3129691,88.05740094184875,True,4525
270,3129691,88.05740094184875,True,4525
271,3129691,88.05740094184875,True,4525
272,3129691,88.05740094184875,True,4525
273,3129691,88.05740094184875,True,4525
274,3129691,88.05740094184875,True,4525
275,3129691,88.05740094184875,True,4525
276,3129691,88.05740094184875,True,4525
277,3129691,88.05740094184875,True,4525
278,3129691,88.05740094184875,True,4525
279,3129691,88.05740094184875,True,4525
280,3129691,88.05740094184875,True,4525
281,3129691,88.05740094184875,True,4525
282,3129691,88.05740094184875,True,4525
283,3129691,88.05740094184875,True,4525
284,3129691,88.05740094184875,True,4525
285,3129691,88.05740094184875,True,4525
286,3129691,88.05740094184875,True,4525
287,3129691,88.05740094184875,True,4525
288,3129691,88.05740094184875,True,4525
289,3129691,88.05740094184875,True,4525
290,3129691,88.05740094184875,True,4525
291,3129691,88.05740094184875,True,4525
292,3129691,88.05740094184875,True,4525
293,3129691,88.05740094184875,True,4525
294,3129691,88.05740094184875,True,4525
295,3129691,88.05740094184875,True,4525
296,3129691,88.05740094184875,True,4525
297,3129691,88.05740094184875,True,4525
298,3129691,88.05740094184875,True,4525
299,3129691,88.05740094184875,True,4525
300,3129691,88.05740094184875,True,4525
301,3129691,88.05740094184875,True,4525
302,3129691,88.05740094184875,True,4525
303,3129691,88.05740094184875,True,4525
304,3129691,88.05740094184875,True,4525
305,3129691,88.05740094184875,True,4525
306,3129691,88.05740094184875,True,4525
307,3129691,88.05740094184875,True,4525
308,3129691,88.05740094184875,True,4525
309,3129691,88.05740094184875,True,4525
310,3129691,88.05740094184875,True,4525
311,3129691,88.05740094184875,True,4525
312,3129691,88.05740094184875,True,4525
313,3129691,88.05740094184875,True,4525
314,3129691,88.05740094184875,True,4525
315,3129691,88.05740094184875,True,4525
316,3129691,88.05740094184875,True,4525
317,3129691,88.05740094184875,True,4525
318,3129691,88.05740094184875,True,4525
319,3129691,88.05740094184875,True,4525
320,3129691,88.05740094184875,True,4525
321,3129691,88.05740094184875,True,4525
322,3129691,88.05740094184875,True,4525
323,3129691,88.05740094184875,True,4525
324,3129691,88.05740094184875,True,4525
325,3129691,88.05740094184875,True,4525
326,3129691,88.05740094184875,True,4525
327,3129691,88.05740094184875,True,4525
328,3129691,88.05740094184875,True,4525
329,3129691,88.05740094184875,True,4525
330,3129691,88.05740094184875,True,4525
331,3129691,88.05740094184875,True,4525
332,3129691,88.05740094184875,True,4525
333,3129691,88.05740094184875,True,4525
334,3129691,88.05740094184875,True,4525
335,3129691,88.05740094184875,True,4525
336,3129691,88.05740094184875,True,4525
337,3129691,88.05740094184875,True,4525
338,3129691,88.05740094184875,True,4525
339,3129691,88.05740094184875,True,4525
340,3129691,88.05740094184875,True,4525
341,3129691,88.05740094184875,True,4525
342,3129691,88.05740094184875,True,4525
343,3129691,88.05740094184875,True,4525
344,3129691,88.05740094184875,True,4525
345,3129691,88.05740094184875,True,4525
346,3129691,88.05740094184875,True,4525
347,3129691,88.05740094184875,True,4525
348,3129691,88.05740094184875,True,4525
349,3129691,88.05740094184875,True,4525
350,3129691,88.05740094184875,True,4525
351,3129691,88.05740094184875,True,4525
352,3129691,88.05740094184875,True,4525
353,3129691,88.05740094184875,True,4525
354,3129691,88.05740094184875,True,4525
355,3129691,88.05740094184875,True,4525
356,3129691,88.05740094184875,True,4525
357,3129691,88.05740094184875,True,4525
358,3129691,88.05740094184875,True,4525
359,3129691,88.05740094184875,True,4525
360,3129691,88.05740094184875,True,4525
361,3129691,88.05740094184875,True,4525
362,3129691,88.05740094184875,True,4525
363,3129691,88.05740094184875,True,4525
364,3129691,88.05740094184875,True,4525
365,3129691,88.05740094184875,True,4525
366,3129691,88.05740094184875,True,4525
367,3129691,88.05740094184875,True,4525
368,3129691,88.05740094184875,True,4525
369,3129691,88.05740094184875,True,4525
370,3129691,88.05740094184875,True,4525
371,3129691,88.05740094184875,True,4525
372,3129691,88.05740094184875,True,4525
373,3129691,88.05740094184875,True,4525
374,3129691,88.05740094184875,True,4525
375,3129691,88.05740094184875,True,4525
376,3129691,88.05740094184875,True,4525
377,3129691,88.05740094184875,True,4525
378,3129691,88.05740094184875,True,4525
379,3129691,88.05740094184875,True,4525
380,3129691,88.05740094184875,True,4525
381,3129691,88.05740094184875,True,4525
382,3129691,88.05740094184875,True,4525
383,3129691,88.05740094184875,True,4525
384,3129691,88.05740094184875,True,4525
385,3129691,88.05740094184875,True,4525
386,3129691,88.05740094184875,True,4525
387,3129691,88.05740094184875,True,4525
388,3129691,88.05740094184875,True,4525
389,3129691,88.05740094184875,True,4525
390,3129691,88.05740094184875,True,4525
391,3129691,88.05740094184875,True,4525
392,3129691,88.05740094184875,True,4525
393,3129691,88.05740094184875,True,4525
394,3129691,88.05740094184875,True,4525
395,3129691,88.05740094184875,True,4525
396,3129691,88.05740094184875,True,4525
397,3129691,88.05740094184875,True,4525
398,3129691,88.05740094184875,True,4525
399,3129691,88.05740094184875,True,4525
400,3129691,88.05740094184875,True,4525
401,3129691,88.05740094184875,True,4525
402,3129691,88.05740094184875,True,4525
403,3129691,88.05740094184875,True,4525
404,3129691,88.05740094184875,True,4525
405,3129691,88.05740094184875,True,4525
406,3129691,88.05740094184875,True,4525
407,3129691,88.05740094184875,True,4525
408,3129691,88.05740094184875,True,4525
409,3129691,88.05740094184875,True,4525
410,3129691,88.05740094184875,True,4525
411,3129691,88.05740094184875,True,4525
412,3129691,88.05740094184875,True,4525
413,3129691,88.05740094184875,True,4525
414,3129691,88.05740094184875,True,4525
415,3129691,88.05740094184875,True,4525
416,3129691,88.05740094184875,True,4525
417,3129691,88.05740094184875,True,4525
418,3129691,88.05740094184875,True,4525
419,3129691,88.05740094184875,True,4525
420,3129691,88.05740094184875,True,4525
421,3129691,88.05740094184875,True,4525
422,3129691,88.05740094184875,True,4525
423,3129691,88.05740094184875,True,4525
424,3129691,88.05740094184875,True,4525
425,3129691,88.05740094184875,True,4525
426,3129691,88.05740094184875,True,4525
427,3129691,88.05740094184875,True,4525
428,3129691,88.05740094184875,True,4525
429,3129691,88.05740094184875,True,4525
430,3129691,88.05740094184875,True,4525
431,3129691,88.05740094184875,True,4525
432,3129691,88.05740094184875,True,4525
433,3129691,88.05740094184875,True,4525
434,3129691,88.05740094184875,True,4525
435,3129691,88.05740094184875,True,4525
436,3129691,88.05740094184875,True,4525
437,3129691,88.05740094184875,True,4525
438,3129691,88.05740094184875,True,4525
439,3129691,88.05740094184875,True,4525
440,3129691,88.05740094184875,True,4525
441,3129691,88.05740094184875,True,4525
442,3129691,88.05740094184875,True,4525
443,3129691,88.05740094184875,True,4525
444,3129691,88.05740094184875,True,4525
445,3129691,88.05740094184875,True,4525
446,3129691,88.05740094184875,True,4525
447,3129691,88.05740094184875,True,4525
448,3129691,88.05740094184875,True,4525
449,3129691,88.05740094184875,True,4525
450,3129691,88.05740094184875,True,4525
451,3129691,88.05740094184875,True,4525
452,3129691,88.05740094184875,True,4525
453,3129691,88.05740094184875,True,4525
454,3129691,88.05740094184875,True,4525
455,3129691,88.05740094184875,True,4525
456,3129691,88.05740094184875,True,4525
457,3129691,88.05740094184875,True,4525
458,3129691,88.05740094184875,True,4525
459,3129691,88.05740094184875,True,4525
460,3129691,88.05740094184875,True,4525
461,3129691,88.05740094184875,True,4525
462,3129691,88.05740094184875,True,4525
463,3129691,88.05740094184875,True,4525
464,3129691,88.05740094184875,True,4525
465,3129691,88.05740094184875,True,4525
466,3129691,88.05740094184875,True,4525
467,3129691,88.05740094184875,True,4525
468,3129691,88.05740094184875,True,4525
469,3129691,88.05740094184875,True,4525
470,3129691,88.05740094184875,True,4525
471,3129691,88.05740094184875,True,4525
472,3129691,88.05740094184875,True,4525
473,3129691,88.05740094184875,True,4525
474,3129691,88.05740094184875,True,4525
475,3129691,88.05740094184875,True,4525
476,3129691,88.05740094184875,True,4525
477,3129691,88.05740094184875,True,4525
478,3129691,88.05740094184875,True,4525
479,3129691,88.05740094184875,True,4525
480,3129691,88.05740094184875,True,4525
481,3129691,88.05740094184875,True,4525
482,3129691,88.05740094184875,True,4525
483,3129691,88.05740094184875,True,4525
484,3129691,88.05740094184875,True,4525
485,3129691,88.05740094184875,True,4525
486,3129691,88.05740094184875,True,4525
487,3129691,88.05740094184875,True,4525
488,3129691,88.05740094184875,True,4525
489,3129691,88.05740094184875,True,4525
490,3129691,88.05740094184875,True,4525
491,3129691,88.05740094184875,True,4525
492,3129691,88.05740094184875,True,4525
493,3129691,88.05740094184875,True,4525
494,3129691,88.05740094184875,True,4525
495,3129691,88.05740094184875,True,4525
496,3129691,88.05740094184875,True,4525
497,3129691,88.05740094184875,True,4525
498,3129691,88.05740094184875,True,4525
499,3129691,88.05740094184875,True,4525
500,3129691,88.05740094184875,True,4525
501,3129691,88.05740094184875,True,4525
502,3129691,88.05740094184875,True,4525
503,3129691,88.05740094184875,True,4525
504,3129691,88.05740094184875,True,4525
505,3129691,88.05740094184875,True,4525
506,3129691,88.05740094184875,True,4525
507,3129691,88.05740094184875,True,4525
508,3129691,88.05740094184875,True,4525
509,3129691,88.05740094184875,True,4525
510,3129691,88.05740094184875,True,4525
511,3129691,88.05740094184875,True,4525
512,3129691,88.05740094184875,True,4525
513,4304422,120.05095195770264,True,6271
514,4304422,120.05095195770264,True,6271
515,4304422,120.05095195770264,True,6271
516,4304422,120.05095195770264,True,6271
517,4304422,120.05095195770264,True,6271
518,4304422,120.05095195770264,True,6271
519,4304422,120.05095195770264,True,6271
520,4304422,120.05095195770264,True,6271
521,4304422,120.05095195770264,True,6271
522,4304422,120.05095195770264,True,6271
523,4304422,120.05095195770264,True,6271
524,4304422,120.05095195770264,True,6271
525,4304422,120.05095195770264,True,6271
526,4304422,120.05095195770264,True,6271
527,4304422,120.05095195770264,True,6271
528,4304422,120.05095195770264,True,6271
529,4304422,120.05095195770264,True,6271
530,4304422,120.05095195770264,True,6271
531,4304422,120.05095195770264,True,6271
532,4304422,120.05095195770264,True,6271
533,4304422,120.05095195770264,True,6271
534,4304422,120.05095195770264,True,6271
535,4304422,120.05095195770264,True,6271
536,4304422,120.05095195770264,True,6271
537,4304422,120.05095195770264,True,6271
538,4304422,120.05095195770264,True,6271
539,4304422,120.05095195770264,True,6271
540,4304422,120.05095195770264,True,6271
541,4304422,120.05095195770264,True,6271
542,4304422,120.05095195770264,True,6271
543,4304422,120.05095195770264,True,6271
544,4304422,120.05095195770264,True,6271
545,4304422,120.05095195770264,True,6271
546,4304422,120.05095195770264,True,6271
547,4304422,120.05095195770264,True,6271
548,4304422,120.05095195770264,True,6271
549,4304422,120.05095195770264,True,6271
550,4304422,120.05095195770264,True,6271
551,4304422,120.05095195770264,True,6271
552,4304422,120.05095195770264,True,6271
553,4304422,120.05095195770264,True,6271
554,4304422,120.05095195770264,True,6271
555,4304422,120.05095195770264,True,6271
556,4304422,120.05095195770264,True,6271
557,4304422,120.05095195770264,True,6271
558,4304422,120.05095195770264,True,6271
559,4304422,120.05095195770264,True,6271
560,4304422,120.05095195770264,True,6271
561,4304422,120.05095195770264,True,6271
562,4304422,120.05095195770264,True,6271
563,4304422,120.05095195770264,True,6271
564,4304422,120.05095195770264,True,6271
565,4304422,120.05095195770264,True,6271
566,4304422,120.05095195770264,True,6271
567,4304422,120.05095195770264,True,6271
568,4304422,120.05095195770264,True,6271
569,4304422,120.05095195770264,True,6271
570,4304422,120.05095195770264,True,6271
571,4304422,120.05095195770264,True,6271
572,4304422,120.05095195770264,True,6271
573,4304422,120.05095195770264,True,6271
574,4304422,120.05095195770264,True,6271
575,4304422,120.05095195770264,True,6271
576,4304422,120.05095195770264,True,6271
577,4304422,120.05095195770264,True,6271
578,4304422,120.05095195770264,True,6271
579,4304422,120.05095195770264,True,6271
580,4304422,120.05095195770264,True,6271
581,4304422,120.05095195770264,True,6271
582,4304422,120.05095195770264,True,6271
583,4304422,120.05095195770264,True,6271
584,4304422,120.05095195770264,True,6271
585,4304422,120.05095195770264,True,6271
586,4304422,120.05095195770264,True,6271
587,4304422,120.05095195770264,True,6271
588,4304422,120.05095195770264,True,6271
589,4304422,120.05095195770264,True,6271
590,4304422,120.05095195770264,True,6271
591,4304422,120.05095195770264,True,6271
592,4304422,120.05095195770264,True,6271
593,4304422,120.05095195770264,True,6271
594,4304422,120.05095195770264,True,6271
595,4304422,120.05095195770264,True,6271
596,4304422,120.05095195770264,True,6271
597,4304422,120.05095195770264,True,6271
598,4304422,120.05095195770264,True,6271
599,4304422,120.05095195770264,True,6271
600,4304422,120.05095195770264,True,6271
601,4304422,120.05095195770264,True,6271
602,4304422,120.05095195770264,True,6271
603,4304422,120.05095195770264,True,6271
604,4304422,120.05095195770264,True,6271
605,4304422,120.05095195770264,True,6271
606,4304422,120.05095195770264,True,6271
607,4304422,120.05095195770264,True,6271
608,4304422,120.05095195770264,True,6271
609,4304422,120.05095195770264,True,6271
610,4304422,120.05095195770264,True,6271
611,4304422,120.05095195770264,True,6271
612,4304422,120.05095195770264,True,6271
613,4304422,120.05095195770264,True,6271
614,4304422,120.05095195770264,True,6271
615,4304422,120.05095195770264,True,6271
616,4304422,120.05095195770264,True,6271
617,4304422,120.05095195770264,True,6271
618,4304422,120.05095195770264,True,6271
619,4304422,120.05095195770264,True,6271
620,4304422,120.05095195770264,True,6271
621,4304422,120.05095195770264,True,6271
622,4304422,120.05095195770264,True,6271
623,4304422,120.05095195770264,True,6271
624,4304422,120.05095195770264,True,6271
625,4304422,120.05095195770264,True,6271
626,4304422,120.05095195770264,True,6271
627,4304422,120.05095195770264,True,6271
628,4304422,120.05095195770264,True,6271
629,4304422,120.05095195770264,True,6271
630,4304422,120.05095195770264,True,6271
631,4304422,120.05095195770264,True,6271
632,4304422,120.05095195770264,True,6271
633,4304422,120.05095195770264,True,6271
634,4304422,120.05095195770264,True,6271
635,4304422,120.05095195770264,True,6271
636,4304422,120.05095195770264,True,6271
637,4304422,120.05095195770264,True,6271
638,4304422,120.05095195770264,True,6271
639,4304422,120.05095195770264,True,6271
640,4304422,120.05095195770264,True,6271
641,4304422,120.05095195770264,True,6271
642,4304422,120.05095195770264,True,6271
643,4304422,120.05095195770264,True,6271
644,4304422,120.05095195770264,True,6271
645,4304422,120.05095195770264,True,6271
646,4304422,120.05095195770264,True,6271
647,4304422,120.05095195770264,True,6271
648,4304422,120.05095195770264,True,6271
649,4304422,120.05095195770264,True,6271
650,4304422,120.05095195770264,True,6271
651,4304422,120.05095195770264,True,6271
652,4304422,120.05095195770264,True,6271
653,4304422,120.05095195770264,True,6271
654,4304422,120.05095195770264,True,6271
655,4304422,120.05095195770264,True,6271
656,4304422,120.05095195770264,True,6271
657,4304422,120.05095195770264,True,6271
658,4304422,120.05095195770264,True,6271
659,4304422,120.05095195770264,True,6271
660,4304422,120.05095195770264,True,6271
661,4304422,120.05095195770264,True,6271
662,4304422,120.05095195770264,True,6271
663,4304422,120.05095195770264,True,6271
664,4304422,120.05095195770264,True,6271
665,4304422,120.05095195770264,True,6271
666,4304422,120.05095195770264,True,6271
667,4304422,120.05095195770264,True,6271
668,4304422,120.05095195770264,True,6271
669,4304422,120.05095195770264,True,6271
670,4304422,120.05095195770264,True,6271
671,4304422,120.05095195770264,True,6271
672,4304422,120.05095195770264,True,6271
673,4304422,120.05095195770264,True,6271
674,4304422,120.05095195770264,True,6271
675,4304422,120.05095195770264,True,6271
676,4304422,120.05095195770264,True,6271
677,4304422,120.05095195770264,True,6271
678,4304422,120.05095195770264,True,6271
679,4304422,120.05095195770264,True,6271
680,4304422,120.05095195770264,True,6271
681,4304422,120.05095195770264,True,6271
682,4304422,120.05095195770264,True,6271
683,4304422,120.05095195770264,True,6271
684,4304422,120.05095195770264,True,6271
685,4304422,120.05095195770264,True,6271
686,4304422,120.05095195770264,True,6271
687,4304422,120.05095195770264,True,6271
688,4304422,120.05095195770264,True,6271
689,4304422,120.05095195770264,True,6271
690,4304422,120.05095195770264,True,6271
691,4304422,120.05095195770264,True,6271
692,4304422,120.05095195770264,True,6271
693,4304422,120.05095195770264,True,6271
694,4304422,120.05095195770264,True,6271
695,4304422,120.05095195770264,True,6271
696,4304422,120.05095195770264,True,6271
697,4304422,120.05095195770264,True,6271
698,4304422,120.05095195770264,True,6271
699,4304422,120.05095195770264,True,6271
700,4304422,120.05095195770264,True,6271
701,4304422,120.05095195770264,True,6271
702,4304422,120.05095195770264,True,6271
703,4304422,120.05095195770264,True,6271
704,4304422,120.05095195770264,True,6271
705,4304422,120.05095195770264,True,6271
706,4304422,120.05095195770264,True,6271
707,4304422,120.05095195770264,True,6271
708,4304422,120.05095195770264,True,6271
709,4304422,120.05095195770264,True,6271
710,4304422,120.05095195770264,True,6271
711,4304422,120.05095195770264,True,6271
712,4304422,120.05095195770264,True,6271
713,4304422,120.05095195770264,True,6271
714,4304422,120.05095195770264,True,6271
715,4304422,120.05095195770264,True,6271
716,4304422,120.05095195770264,True,6271
717,4304422,120.05095195770264,True,6271
718,4304422,120.05095195770264,True,6271
719,4304422,120.05095195770264,True,6271
720,4304422,120.05095195770264,True,6271
721,4304422,120.05095195770264,True,6271
722,4304422,120.05095195770264,True,6271
723,4304422,120.05095195770264,True,6271
724,4304422,120.05095195770264,True,6271
725,4304422,120.05095195770264,True,6271
726,4304422,120.05095195770264,True,6271
727,4304422,120.05095195770264,True,6271
728,4304422,120.05095195770264,True,6271
729,4304422,120.05095195770264,True,6271
730,4304422,120.05095195770264,True,6271
731,4304422,120.05095195770264,True,6271
732,4304422,120.05095195770264,True,6271
733,4304422,120.05095195770264,True,6271
734,4304422,120.05095195770264,True,6271
735,4304422,120.05095195770264,True,6271
736,4304422,120.05095195770264,True,6271
737,4304422,120.05095195770264,True,6271
738,4304422,120.05095195770264,True,6271
739,4304422,120.05095195770264,True,6271
740,4304422,120.05095195770264,True,6271
741,4304422,120.05095195770264,True,6271
742,4304422,120.05095195770264,True,6271
743,4304422,120.05095195770264,True,6271
744,4304422,120.05095195770264,True,6271
745,4304422,120.05095195770264,True,6271
746,4304422,120.05095195770264,True,6271
747,4304422,120.05095195770264,True,6271
748,4304422,120.05095195770264,True,6271
749,4304422,120.05095195770264,True,6271
750,4304422,120.05095195770264,True,6271
751,4304422,120.05095195770264,True,6271
752,4304422,120.05095195770264,True,6271
753,4304422,120.05095195770264,True,6271
754,4304422,120.05095195770264,True,6271
755,4304422,120.05095195770264,True,6271
756,4304422,120.05095195770264,True,6271
757,4304422,120.05095195770264,True,6271
758,4304422,120.05095195770264,True,6271
759,4304422,120.05095195770264,True,6271
760,4304422,120.05095195770264,True,6271
761,4304422,120.05095195770264,True,6271
762,4304422,120.05095195770264,True,6271
763,4304422,120.05095195770264,True,6271
764,4304422,120.05095195770264,True,6271
765,4304422,120.05095195770264,True,6271
766,4304422,120.05095195770264,True,6271
767,4304422,120.05095195770264,True,6271
768,4304422,120.05095195770264,True,6271
769,5697464,159.10153198242188,True,8309
770,5697464,159.10153198242188,True,8309
771,5697464,159.10153198242188,True,8309
772,5697464,159.10153198242188,True,8309
773,5697464,159.10153198242188,True,8309
774,5697464,159.10153198242188,True,8309
775,5697464,159.10153198242188,True,8309
776,5697464,159.10153198242188,True,8309
777,5697464,159.10153198242188,True,8309
778,5697464,159.10153198242188,True,8309
779,5697464,159.10153198242188,True,8309
780,5697464,159.10153198242188,True,8309
781,5697464,159.10153198242188,True,8309
782,5697464,159.10153198242188,True,8309
783,5697464,159.10153198242188,True,8309
784,5697464,159.10153198242188,True,8309
785,5697464,159.10153198242188,True,8309
786,5697464,159.10153198242188,True,8309
787,5697464,159.10153198242188,True,8309
788,5697464,159.10153198242188,True,8309
789,5697464,159.10153198242188,True,8309
790,5697464,159.10153198242188,True,8309
791,5697464,159.10153198242188,True,8309
792,5697464,159.10153198242188,True,8309
793,5697464,159.10153198242188,True,8309
794,5697464,159.10153198242188,True,8309
795,5697464,159.10153198242188,True,8309
796,5697464,159.10153198242188,True,8309
797,5697464,159.10153198242188,True,8309
798,5697464,159.10153198242188,True,8309
799,5697464,159.10153198242188,True,8309
800,5697464,159.10153198242188,True,8309
801,5697464,159.10153198242188,True,8309
802,5697464,159.10153198242188,True,8309
803,5697464,159.10153198242188,True,8309
804,5697464,159.10153198242188,True,8309
805,5697464,159.10153198242188,True,8309
806,5697464,159.10153198242188,True,8309
807,5697464,159.10153198242188,True,8309
808,5697464,159.10153198242188,True,8309
809,5697464,159.10153198242188,True,8309
810,5697464,159.10153198242188,True,8309
811,5697464,159.10153198242188,True,8309
812,5697464,159.10153198242188,True,8309
813,5697464,159.10153198242188,True,8309
814,5697464,159.10153198242188,True,8309
815,5697464,159.10153198242188,True,8309
816,5697464,159.10153198242188,True,8309
817,5697464,159.10153198242188,True,8309
818,5697464,159.10153198242188,True,8309
819,5697464,159.10153198242188,True,8309
820,5697464,159.10153198242188,True,8309
821,5697464,159.10153198242188,True,8309
822,5697464,159.10153198242188,True,8309
823,5697464,159.10153198242188,True,8309
824,5697464,159.10153198242188,True,8309
825,5697464,159.10153198242188,True,8309
826,5697464,159.10153198242188,True,8309
827,5697464,159.10153198242188,True,8309
828,5697464,159.10153198242188,True,8309
829,5697464,159.10153198242188,True,8309
830,5697464,159.10153198242188,True,8309
831,5697464,159.10153198242188,True,8309
832,5697464,159.10153198242188,True,8309
833,5697464,159.10153198242188,True,8309
834,5697464,159.10153198242188,True,8309
835,5697464,159.10153198242188,True,8309
836,5697464,159.10153198242188,True,8309
837,5697464,159.10153198242188,True,8309
838,5697464,159.10153198242188,True,8309
839,5697464,159.10153198242188,True,8309
840,5697464,159.10153198242188,True,8309
841,5697464,159.10153198242188,True,8309
842,5697464,159.10153198242188,True,8309
843,5697464,159.10153198242188,True,8309
844,5697464,159.10153198242188,True,8309
845,5697464,159.10153198242188,True,8309
846,5697464,159.10153198242188,True,8309
847,5697464,159.10153198242188,True,8309
848,5697464,159.10153198242188,True,8309
849,5697464,159.10153198242188,True,8309
850,5697464,159.10153198242188,True,8309
851,5697464,159.10153198242188,True,8309
852,5697464,159.10153198242188,True,8309
853,5697464,159.10153198242188,True,8309
854,5697464,159.10153198242188,True,8309
855,5697464,159.10153198242188,True,8309
856,5697464,159.10153198242188,True,8309
857,5697464,159.10153198242188,True,8309
858,5697464,159.10153198242188,True,8309
859,5697464,159.10153198242188,True,8309
860,5697464,159.10153198242188,True,8309
861,5697464,159.10153198242188,True,8309
862,5697464,159.10153198242188,True,8309
863,5697464,159.10153198242188,True,8309
864,5697464,159.10153198242188,True,8309
865,5697464,159.10153198242188,True,8309
866,5697464,159.10153198242188,True,8309
867,5697464,159.10153198242188,True,8309
868,5697464,159.10153198242188,True,8309
869,5697464,159.10153198242188,True,8309
870,5697464,159.10153198242188,True,8309
871,5697464,159.10153198242188,True,8309
872,5697464,159.10153198242188,True,8309
873,5697464,159.10153198242188,True,8309
874,5697464,159.10153198242188,True,8309
875,5697464,159.10153198242188,True,8309
876,5697464,159.10153198242188,True,8309
877,5697464,159.10153198242188,True,8309
878,5697464,159.10153198242188,True,8309
879,5697464,159.10153198242188,True,8309
880,5697464,159.10153198242188,True,8309
881,5697464,159.10153198242188,True,8309
882,5697464,159.10153198242188,True,8309
883,5697464,159.10153198242188,True,8309
884,5697464,159.10153198242188,True,8309
885,5697464,159.10153198242188,True,8309
886,5697464,159.10153198242188,True,8309
887,5697464,159.10153198242188,True,8309
888,5697464,159.10153198242188,True,8309
889,5697464,159.10153198242188,True,8309
890,5697464,159.10153198242188,True,8309
891,5697464,159.10153198242188,True,8309
892,5697464,159.10153198242188,True,8309
893,5697464,159.10153198242188,True,8309
894,5697464,159.10153198242188,True,8309
895,5697464,159.10153198242188,True,8309
896,5697464,159.10153198242188,True,8309
897,5697464,159.10153198242188,True,8309
898,5697464,159.10153198242188,True,8309
899,5697464,159.10153198242188,True,8309
900,5697464,159.10153198242188,True,8309
901,5697464,159.10153198242188,True,8309
902,5697464,159.10153198242188,True,8309
903,5697464,159.10153198242188,True,8309
904,5697464,159.10153198242188,True,8309
905,5697464,159.10153198242188,True,8309
906,5697464,159.10153198242188,True,8309
907,5697464,159.10153198242188,True,8309
908,5697464,159.10153198242188,True,8309
909,5697464,159.10153198242188,True,8309
910,5697464,159.10153198242188,True,8309
911,5697464,159.10153198242188,True,8309
912,5697464,159.10153198242188,True,8309
913,5697464,159.10153198242188,True,8309
914,5697464,159.10153198242188,True,8309
915,5697464,159.10153198242188,True,8309
916,5697464,159.10153198242188,True,8309
917,5697464,159.10153198242188,True,8309
918,5697464,159.10153198242188,True,8309
919,5697464,159.10153198242188,True,8309
920,5697464,159.10153198242188,True,8309
921,5697464,159.10153198242188,True,8309
922,5697464,159.10153198242188,True,8309
923,5697464,159.10153198242188,True,8309
924,5697464,159.10153198242188,True,8309
925,5697464,159.10153198242188,True,8309
926,5697464,159.10153198242188,True,8309
927,5697464,159.10153198242188,True,8309
928,5697464,159.10153198242188,True,8309
929,5697464,159.10153198242188,True,8309
930,5697464,159.10153198242188,True,8309
931,5697464,159.10153198242188,True,8309
932,5697464,159.10153198242188,True,8309
933,5697464,159.10153198242188,True,8309
934,5697464,159.10153198242188,True,8309
935,5697464,159.10153198242188,True,8309
936,5697464,159.10153198242188,True,8309
937,5697464,159.10153198242188,True,8309
938,5697464,159.10153198242188,True,8309
939,5697464,159.10153198242188,True,8309
940,5697464,159.10153198242188,True,8309
941,5697464,159.10153198242188,True,8309
942,5697464,159.10153198242188,True,8309
943,5697464,159.10153198242188,True,8309
944,5697464,159.10153198242188,True,8309
945,5697464,159.10153198242188,True,8309
946,5697464,159.10153198242188,True,8309
947,5697464,159.10153198242188,True,8309
948,5697464,159.10153198242188,True,8309
949,5697464,159.10153198242188,True,8309
950,5697464,159.10153198242188,True,8309
951,5697464,159.10153198242188,True,8309
952,5697464,159.10153198242188,True,8309
953,5697464,159.10153198242188,True,8309
954,5697464,159.10153198242188,True,8309
955,5697464,159.10153198242188,True,8309
956,5697464,159.10153198242188,True,8309
957,5697464,159.10153198242188,True,8309
958,5697464,159.10153198242188,True,8309
959,5697464,159.10153198242188,True,8309
960,5697464,159.10153198242188,True,8309
961,5697464,159.10153198242188,True,8309
962,5697464,159.10153198242188,True,8309
963,5697464,159.10153198242188,True,8309
964,5697464,159.10153198242188,True,8309
965,5697464,159.10153198242188,True,8309
966,5697464,159.10153198242188,True,8309
967,5697464,159.10153198242188,True,8309
968,5697464,159.10153198242188,True,8309
969,5697464,159.10153198242188,True,8309
970,5697464,159.10153198242188,True,8309
971,5697464,159.10153198242188,True,8309
972,5697464,159.10153198242188,True,8309
973,5697464,159.10153198242188,True,8309
974,5697464,159.10153198242188,True,8309
975,5697464,159.10153198242188,True,8309
976,5697464,159.10153198242188,True,8309
977,5697464,159.10153198242188,True,8309
978,5697464,159.10153198242188,True,8309
979,5697464,159.10153198242188,True,8309
980,5697464,159.10153198242188,True,8309
981,5697464,159.10153198242188,True,8309
982,5697464,159.10153198242188,True,8309
983,5697464,159.10153198242188,True,8309
984,5697464,159.10153198242188,True,8309
985,5697464,159.10153198242188,True,8309
986,5697464,159.10153198242188,True,8309
987,5697464,159.10153198242188,True,8309
988,5697464,159.10153198242188,True,8309
989,5697464,159.10153198242188,True,8309
990,5697464,159.10153198242188,True,8309
991,5697464,159.10153198242188,True,8309
992,5697464,159.10153198242188,True,8309
993,5697464,159.10153198242188,True,8309
994,5697464,159.10153198242188,True,8309
995,5697464,159.10153198242188,True,8309
996,5697464,159.10153198242188,True,8309
997,5697464,159.10153198242188,True,8309
998,5697464,159.10153198242188,True,8309
999,5697464,159.10153198242188,True,8309
1000,5697464,159.10153198242188,True,8309
1001,5697464,159.10153198242188,True,8309
1002,5697464,159.10153198242188,True,8309
1003,5697464,159.10153198242188,True,8309
1004,5697464,159.10153198242188,True,8309
1005,5697464,159.10153198242188,True,8309
1006,5697464,159.10153198242188,True,8309
1007,5697464,159.10153198242188,True,8309
1008,5697464,159.10153198242188,True,8309
1009,5697464,159.10153198242188,True,8309
1010,5697464,159.10153198242188,True,8309
1011,5697464,159.10153198242188,True,8309
1012,5697464,159.10153198242188,True,8309
1013,5697464,159.10153198242188,True,8309
1014,5697464,159.10153198242188,True,8309
1015,5697464,159.10153198242188,True,8309
1016,5697464,159.10153198242188,True,8309
1017,5697464,159.10153198242188,True,8309
1018,5697464,159.10153198242188,True,8309
1019,5697464,159.10153198242188,True,8309
1020,5697464,159.10153198242188,True,8309
1021,5697464,159.10153198242188,True,8309
1022,5697464,159.10153198242188,True,8309
1023,5697464,159.10153198242188,True,8309
1024,5697464,159.10153198242188,True,8309
1025,6677438,185.55503010749817,True,9768
1026,6677438,185.55503010749817,True,9768
1027,6677438,185.55503010749817,True,9768
1028,6677438,185.55503010749817,True,9768
1029,6677438,185.55503010749817,True,9768
1030,6677438,185.55503010749817,True,9768
1031,6677438,185.55503010749817,True,9768
1032,6677438,185.55503010749817,True,9768
1033,6677438,185.55503010749817,True,9768
1034,6677438,185.55503010749817,True,9768
1035,6677438,185.55503010749817,True,9768
1036,6677438,185.55503010749817,True,9768
1037,6677438,185.55503010749817,True,9768
1038,6677438,185.55503010749817,True,9768
1039,6677438,185.55503010749817,True,9768
1040,6677438,185.55503010749817,True,9768
1041,6677438,185.55503010749817,True,9768
1042,6677438,185.55503010749817,True,9768
1043,6677438,185.55503010749817,True,9768
1044,6677438,185.55503010749817,True,9768
1045,6677438,185.55503010749817,True,9768
1046,6677438,185.55503010749817,True,9768
1047,6677438,185.55503010749817,True,9768
1048,6677438,185.55503010749817,True,9768
1049,6677438,185.55503010749817,True,9768
1050,6677438,185.55503010749817,True,9768
1051,6677438,185.55503010749817,True,9768
1052,6677438,185.55503010749817,True,9768
1053,6677438,185.55503010749817,True,9768
1054,6677438,185.55503010749817,True,9768
1055,6677438,185.55503010749817,True,9768
1056,6677438,185.55503010749817,True,9768
1057,6677438,185.55503010749817,True,9768
1058,6677438,185.55503010749817,True,9768
1059,6677438,185.55503010749817,True,9768
1060,6677438,185.55503010749817,True,9768
1061,6677438,185.55503010749817,True,9768
1062,6677438,185.55503010749817,True,9768
1063,6677438,185.55503010749817,True,9768
1064,6677438,185.55503010749817,True,9768
1065,6677438,185.55503010749817,True,9768
1066,6677438,185.55503010749817,True,9768
1067,6677438,185.55503010749817,True,9768
1068,6677438,185.55503010749817,True,9768
1069,6677438,185.55503010749817,True,9768
1070,6677438,185.55503010749817,True,9768
1071,6677438,185.55503010749817,True,9768
1072,6677438,185.55503010749817,True,9768
1073,6677438,185.55503010749817,True,9768
1074,6677438,185.55503010749817,True,9768
1075,6677438,185.55503010749817,True,9768
1076,6677438,185.55503010749817,True,9768
1077,6677438,185.55503010749817,True,9768
1078,6677438,185.55503010749817,True,9768
1079,6677438,185.55503010749817,True,9768
1080,6677438,185.55503010749817,True,9768
1081,6677438,185.55503010749817,True,9768
1082,6677438,185.55503010749817,True,9768
1083,6677438,185.55503010749817,True,9768
1084,6677438,185.55503010749817,True,9768
1085,6677438,185.55503010749817,True,9768
1086,6677438,185.55503010749817,True,9768
1087,6677438,185.55503010749817,True,9768
1088,6677438,185.55503010749817,True,9768
1089,6677438,185.55503010749817,True,9768
1090,6677438,185.55503010749817,True,9768
1091,6677438,185.55503010749817,True,9768
1092,6677438,185.55503010749817,True,9768
1093,6677438,185.55503010749817,True,9768
1094,6677438,185.55503010749817,True,9768
1095,6677438,185.55503010749817,True,9768
1096,6677438,185.55503010749817,True,9768
1097,6677438,185.55503010749817,True,9768
1098,6677438,185.55503010749817,True,9768
1099,6677438,185.55503010749817,True,9768
1100,6677438,185.55503010749817,True,9768
1101,6677438,185.55503010749817,True,9768
1102,6677438,185.55503010749817,True,9768
1103,6677438,185.55503010749817,True,9768
1104,6677438,185.55503010749817,True,9768
1105,6677438,185.55503010749817,True,9768
1106,6677438,185.55503010749817,True,9768
1107,6677438,185.55503010749817,True,9768
1108,6677438,185.55503010749817,True,9768
1109,6677438,185.55503010749817,True,9768
1110,6677438,185.55503010749817,True,9768
1111,6677438,185.55503010749817,True,9768
1112,6677438,185.55503010749817,True,9768
1113,6677438,185.55503010749817,True,9768
1114,6677438,185.55503010749817,True,9768
1115,6677438,185.55503010749817,True,9768
1116,6677438,185.55503010749817,True,9768
1117,6677438,185.55503010749817,True,9768
1118,6677438,185.55503010749817,True,9768
1119,6677438,185.55503010749817,True,9768
1120,6677438,185.55503010749817,True,9768
1121,6677438,185.55503010749817,True,9768
1122,6677438,185.55503010749817,True,9768
1123,6677438,185.55503010749817,True,9768
1124,6677438,185.55503010749817,True,9768
1125,6677438,185.55503010749817,True,9768
1126,6677438,185.55503010749817,True,9768
1127,6677438,185.55503010749817,True,9768
1128,6677438,185.55503010749817,True,9768
1129,6677438,185.55503010749817,True,9768
1130,6677438,185.55503010749817,True,9768
1131,6677438,185.55503010749817,True,9768
1132,6677438,185.55503010749817,True,9768
1133,6677438,185.55503010749817,True,9768
1134,6677438,185.55503010749817,True,9768
1135,6677438,185.55503010749817,True,9768
1136,6677438,185.55503010749817,True,9768
1137,6677438,185.55503010749817,True,9768
1138,6677438,185.55503010749817,True,9768
1139,6677438,185.55503010749817,True,9768
1140,6677438,185.55503010749817,True,9768
1141,6677438,185.55503010749817,True,9768
1142,6677438,185.55503010749817,True,9768
1143,6677438,185.55503010749817,True,9768
1144,6677438,185.55503010749817,True,9768
1145,6677438,185.55503010749817,True,9768
1146,6677438,185.55503010749817,True,9768
1147,6677438,185.55503010749817,True,9768
1148,6677438,185.55503010749817,True,9768
1149,6677438,185.55503010749817,True,9768
1150,6677438,185.55503010749817,True,9768
1151,6677438,185.55503010749817,True,9768
1152,6677438,185.55503010749817,True,9768
1153,6677438,185.55503010749817,True,9768
1154,6677438,185.55503010749817,True,9768
1155,6677438,185.55503010749817,True,9768
1156,6677438,185.55503010749817,True,9768
1157,6677438,185.55503010749817,True,9768
1158,6677438,185.55503010749817,True,9768
1159,6677438,185.55503010749817,True,9768
1160,6677438,185.55503010749817,True,9768
1161,6677438,185.55503010749817,True,9768
1162,6677438,185.55503010749817,True,9768
1163,6677438,185.55503010749817,True,9768
1164,6677438,185.55503010749817,True,9768
1165,6677438,185.55503010749817,True,9768
1166,6677438,185.55503010749817,True,9768
1167,6677438,185.55503010749817,True,9768
1168,6677438,185.55503010749817,True,9768
1169,6677438,185.55503010749817,True,9768
1170,6677438,185.55503010749817,True,9768
1171,6677438,185.55503010749817,True,9768
1172,6677438,185.55503010749817,True,9768
1173,6677438,185.55503010749817,True,9768
1174,6677438,185.55503010749817,True,9768
1175,6677438,185.55503010749817,True,9768
1176,6677438,185.55503010749817,True,9768
1177,6677438,185.55503010749817,True,9768
1178,6677438,185.55503010749817,True,9768
1179,6677438,185.55503010749817,True,9768
1180,6677438,185.55503010749817,True,9768
1181,6677438,185.55503010749817,True,9768
1182,6677438,185.55503010749817,True,9768
1183,6677438,185.55503010749817,True,9768
1184,6677438,185.55503010749817,True,9768
1185,6677438,185.55503010749817,True,9768
1186,6677438,185.55503010749817,True,9768
1187,6677438,185.55503010749817,True,9768
1188,6677438,185.55503010749817,True,9768
1189,6677438,185.55503010749817,True,9768
1190,6677438,185.55503010749817,True,9768
1191,6677438,185.55503010749817,True,9768
1192,6677438,185.55503010749817,True,9768
1193,6677438,185.55503010749817,True,9768
1194,6677438,185.55503010749817,True,9768
1195,6677438,185.55503010749817,True,9768
1196,6677438,185.55503010749817,True,9768
1197,6677438,185.55503010749817,True,9768
1198,6677438,185.55503010749817,True,9768
1199,6677438,185.55503010749817,True,9768
1200,6677438,185.55503010749817,True,9768
1201,6677438,185.55503010749817,True,9768
1202,6677438,185.55503010749817,True,9768
1203,6677438,185.55503010749817,True,9768
1204,6677438,185.55503010749817,True,9768
1205,6677438,185.55503010749817,True,9768
1206,6677438,185.55503010749817,True,9768
1207,6677438,185.55503010749817,True,9768
1208,6677438,185.55503010749817,True,9768
1209,6677438,185.55503010749817,True,9768
1210,6677438,185.55503010749817,True,9768
1211,6677438,185.55503010749817,True,9768
1212,6677438,185.55503010749817,True,9768
1213,6677438,185.55503010749817,True,9768
1214,6677438,185.55503010749817,True,9768
1215,6677438,185.55503010749817,True,9768
1216,6677438,185.55503010749817,True,9768
1217,6677438,185.55503010749817,True,9768
1218,6677438,185.55503010749817,True,9768
1219,6677438,185.55503010749817,True,9768
1220,6677438,185.55503010749817,True,9768
1221,6677438,185.55503010749817,True,9768
1222,6677438,185.55503010749817,True,9768
1223,6677438,185.55503010749817,True,9768
1224,6677438,185.55503010749817,True,9768
1225,6677438,185.55503010749817,True,9768
1226,6677438,185.55503010749817,True,9768
1227,6677438,185.55503010749817,True,9768
1228,6677438,185.55503010749817,True,9768
1229,6677438,185.55503010749817,True,9768
1230,6677438,185.55503010749817,True,9768
1231,6677438,185.55503010749817,True,9768
1232,6677438,185.55503010749817,True,9768
1233,6677438,185.55503010749817,True,9768
1234,6677438,185.55503010749817,True,9768
1235,6677438,185.55503010749817,True,9768
1236,6677438,185.55503010749817,True,9768
1237,6677438,185.55503010749817,True,9768
1238,6677438,185.55503010749817,True,9768
1239,6677438,185.55503010749817,True,9768
1240,6677438,185.55503010749817,True,9768
1241,6677438,185.55503010749817,True,9768
1242,6677438,185.55503010749817,True,9768
1243,6677438,185.55503010749817,True,9768
1244,6677438,185.55503010749817,True,9768
1245,6677438,185.55503010749817,True,9768
1246,6677438,185.55503010749817,True,9768
1247,6677438,185.55503010749817,True,9768
1248,6677438,185.55503010749817,True,9768
1249,6677438,185.55503010749817,True,9768
1250,6677438,185.55503010749817,True,9768
1251,6677438,185.55503010749817,True,9768
1252,6677438,185.55503010749817,True,9768
1253,6677438,185.55503010749817,True,9768
1254,6677438,185.55503010749817,True,9768
1255,6677438,185.55503010749817,True,9768
1256,6677438,185.55503010749817,True,9768
1257,6677438,185.55503010749817,True,9768
1258,6677438,185.55503010749817,True,9768
1259,6677438,185.55503010749817,True,9768
1260,6677438,185.55503010749817,True,9768
1261,6677438,185.55503010749817,True,9768
1262,6677438,185.55503010749817,True,9768
1263,6677438,185.55503010749817,True,9768
1264,6677438,185.55503010749817,True,9768
1265,6677438,185.55503010749817,True,9768
1266,6677438,185.55503010749817,True,9768
1267,6677438,185.55503010749817,True,9768
1268,6677438,185.55503010749817,True,9768
1269,6677438,185.55503010749817,True,9768
1270,6677438,185.55503010749817,True,9768
1271,6677438,185.55503010749817,True,9768
1272,6677438,185.55503010749817,True,9768
1273,6677438,185.55503010749817,True,9768
1274,6677438,185.55503010749817,True,9768
1275,6677438,185.55503010749817,True,9768
1276,6677438,185.55503010749817,True,9768
1277,6677438,185.55503010749817,True,9768
1278,6677438,185.55503010749817,True,9768
1279,6677438,185.55503010749817,True,9768
1280,6677438,185.55503010749817,True,9768
1281,8018916,221.10880994796753,True,11709
1282,8018916,221.10880994796753,True,11709
1283,8018916,221.10880994796753,True,11709
1284,8018916,221.10880994796753,True,11709
1285,8018916,221.10880994796753,True,11709
1286,8018916,221.10880994796753,True,11709
1287,8018916,221.10880994796753,True,11709
1288,8018916,221.10880994796753,True,11709
1289,8018916,221.10880994796753,True,11709
1290,8018916,221.10880994796753,True,11709
1291,8018916,221.10880994796753,True,11709
1292,8018916,221.10880994796753,True,11709
1293,8018916,221.10880994796753,True,11709
1294,8018916,221.10880994796753,True,11709
1295,8018916,221.10880994796753,True,11709
1296,8018916,221.10880994796753,True,11709
1297,8018916,221.10880994796753,True,11709
1298,8018916,221.10880994796753,True,11709
1299,8018916,221.10880994796753,True,11709
1300,8018916,221.10880994796753,True,11709
1301,8018916,221.10880994796753,True,11709
1302,8018916,221.10880994796753,True,11709
1303,8018916,221.10880994796753,True,11709
1304,8018916,221.10880994796753,True,11709
1305,8018916,221.10880994796753,True,11709
1306,8018916,221.10880994796753,True,11709
1307,8018916,221.10880994796753,True,11709
1308,8018916,221.10880994796753,True,11709
1309,8018916,221.10880994796753,True,11709
1310,8018916,221.10880994796753,True,11709
1311,8018916,221.10880994796753,True,11709
1312,8018916,221.10880994796753,True,11709
1313,8018916,221.10880994796753,True,11709
1314,8018916,221.10880994796753,True,11709
1315,8018916,221.10880994796753,True,11709
1316,8018916,221.10880994796753,True,11709
1317,8018916,221.10880994796753,True,11709
1318,8018916,221.10880994796753,True,11709
1319,8018916,221.10880994796753,True,11709
1320,8018916,221.10880994796753,True,11709
1321,8018916,221.10880994796753,True,11709
1322,8018916,221.10880994796753,True,11709
1323,8018916,221.10880994796753,True,11709
1324,8018916,221.10880994796753,True,11709
1325,8018916,221.10880994796753,True,11709
1326,8018916,221.10880994796753,True,11709
1327,8018916,221.10880994796753,True,11709
1328,8018916,221.10880994796753,True,11709
1329,8018916,221.10880994796753,True,11709
1330,8018916,221.10880994796753,True,11709
1331,8018916,221.10880994796753,True,11709
1332,8018916,221.10880994796753,True,11709
1333,8018916,221.10880994796753,True,11709
1334,8018916,221.10880994796753,True,11709
1335,8018916,221.10880994796753,True,11709
1336,8018916,221.10880994796753,True,11709
1337,8018916,221.10880994796753,True,11709
1338,8018916,221.10880994796753,True,11709
1339,8018916,221.10880994796753,True,11709
1340,8018916,221.10880994796753,True,11709
1341,8018916,221.10880994796753,True,11709
1342,8018916,221.10880994796753,True,11709
1343,8018916,221.10880994796753,True,11709
1344,8018916,221.10880994796753,True,11709
1345,8018916,221.10880994796753,True,11709
1346,8018916,221.10880994796753,True,11709
1347,8018916,221.10880994796753,True,11709
1348,8018916,221.10880994796753,True,11709
1349,8018916,221.10880994796753,True,11709
1350,8018916,221.10880994796753,True,11709
1351,8018916,221.10880994796753,True,11709
1352,8018916,221.10880994796753,True,11709
1353,8018916,221.10880994796753,True,11709
1354,8018916,221.10880994796753,True,11709
1355,8018916,221.10880994796753,True,11709
1356,8018916,221.10880994796753,True,11709
1357,8018916,221.10880994796753,True,11709
1358,8018916,221.10880994796753,True,11709
1359,8018916,221.10880994796753,True,11709
1360,8018916,221.10880994796753,True,11709
1361,8018916,221.10880994796753,True,11709
1362,8018916,221.10880994796753,True,11709
1363,8018916,221.10880994796753,True,11709
1364,8018916,221.10880994796753,True,11709
1365,8018916,221.10880994796753,True,11709
1366,8018916,221.10880994796753,True,11709
1367,8018916,221.10880994796753,True,11709
1368,8018916,221.10880994796753,True,11709
1369,8018916,221.10880994796753,True,11709
1370,8018916,221.10880994796753,True,11709
1371,8018916,221.10880994796753,True,11709
1372,8018916,221.10880994796753,True,11709
1373,8018916,221.10880994796753,True,11709
1374,8018916,221.10880994796753,True,11709
1375,8018916,221.10880994796753,True,11709
1376,8018916,221.10880994796753,True,11709
1377,8018916,221.10880994796753,True,11709
1378,8018916,221.10880994796753,True,11709
1379,8018916,221.10880994796753,True,11709
1380,8018916,221.10880994796753,True,11709
1381,8018916,221.10880994796753,True,11709
1382,8018916,221.10880994796753,True,11709
1383,8018916,221.10880994796753,True,11709
1384,8018916,221.10880994796753,True,11709
1385,8018916,221.10880994796753,True,11709
1386,8018916,221.10880994796753,True,11709
1387,8018916,221.10880994796753,True,11709
1388,8018916,221.10880994796753,True,11709
1389,8018916,221.10880994796753,True,11709
1390,8018916,221.10880994796753,True,11709
1391,8018916,221.10880994796753,True,11709
1392,8018916,221.10880994796753,True,11709
1393,8018916,221.10880994796753,True,11709
1394,8018916,221.10880994796753,True,11709
1395,8018916,221.10880994796753,True,11709
1396,8018916,221.10880994796753,True,11709
1397,8018916,221.10880994796753,True,11709
1398,8018916,221.10880994796753,True,11709
1399,8018916,221.10880994796753,True,11709
1400,8018916,221.10880994796753,True,11709
1401,8018916,221.10880994796753,True,11709
1402,8018916,221.10880994796753,True,11709
1403,8018916,221.10880994796753,True,11709
1404,8018916,221.10880994796753,True,11709
1405,8018916,221.10880994796753,True,11709
1406,8018916,221.10880994796753,True,11709
1407,8018916,221.10880994796753,True,11709
1408,8018916,221.10880994796753,True,11709
1409,8018916,221.10880994796753,True,11709
1410,8018916,221.10880994796753,True,11709
1411,8018916,221.10880994796753,True,11709
1412,8018916,221.10880994796753,True,11709
1413,8018916,221.10880994796753,True,11709
1414,8018916,221.10880994796753,True,11709
1415,8018916,221.10880994796753,True,11709
1416,8018916,221.10880994796753,True,11709
1417,8018916,221.10880994796753,True,11709
1418,8018916,221.10880994796753,True,11709
1419,8018916,221.10880994796753,True,11709
1420,8018916,221.10880994796753,True,11709
1421,8018916,221.10880994796753,True,11709
1422,8018916,221.10880994796753,True,11709
1423,8018916,221.10880994796753,True,11709
1424,8018916,221.10880994796753,True,11709
1425,8018916,221.10880994796753,True,11709
1426,8018916,221.10880994796753,True,11709
1427,8018916,221.10880994796753,True,11709
1428,8018916,221.10880994796753,True,11709
1429,8018916,221.10880994796753,True,11709
1430,8018916,221.10880994796753,True,11709
1431,8018916,221.10880994796753,True,11709
1432,8018916,221.10880994796753,True,11709
1433,8018916,221.10880994796753,True,11709
1434,8018916,221.10880994796753,True,11709
1435,8018916,221.10880994796753,True,11709
1436,8018916,221.10880994796753,True,11709
1437,8018916,221.10880994796753,True,11709
1438,8018916,221.10880994796753,True,11709
1439,8018916,221.10880994796753,True,11709
1440,8018916,221.10880994796753,True,11709
1441,8018916,221.10880994796753,True,11709
1442,8018916,221.10880994796753,True,11709
1443,8018916,221.10880994796753,True,11709
1444,8018916,221.10880994796753,True,11709
1445,8018916,221.10880994796753,True,11709
1446,8018916,221.10880994796753,True,11709
1447,8018916,221.10880994796753,True,11709
1448,8018916,221.10880994796753,True,11709
1449,8018916,221.10880994796753,True,11709
1450,8018916,221.10880994796753,True,11709
1451,8018916,221.10880994796753,True,11709
1452,8018916,221.10880994796753,True,11709
1453,8018916,221.10880994796753,True,11709
1454,8018916,221.10880994796753,True,11709
1455,8018916,221.10880994796753,True,11709
1456,8018916,221.10880994796753,True,11709
1457,8018916,221.10880994796753,True,11709
1458,8018916,221.10880994796753,True,11709
1459,8018916,221.10880994796753,True,11709
1460,8018916,221.10880994796753,True,11709
1461,8018916,221.10880994796753,True,11709
1462,8018916,221.10880994796753,True,11709
1463,8018916,221.10880994796753,True,11709
1464,8018916,221.10880994796753,True,11709
1465,8018916,221.10880994796753,True,11709
1466,8018916,221.10880994796753,True,11709
1467,8018916,221.10880994796753,True,11709
1468,8018916,221.10880994796753,True,11709
1469,8018916,221.10880994796753,True,11709
1470,8018916,221.10880994796753,True,11709
1471,8018916,221.10880994796753,True,11709
1472,8018916,221.10880994796753,True,11709
1473,8018916,221.10880994796753,True,11709
1474,8018916,221.10880994796753,True,11709
1475,8018916,221.10880994796753,True,11709
1476,8018916,221.10880994796753,True,11709
1477,8018916,221.10880994796753,True,11709
1478,8018916,221.10880994796753,True,11709
1479,8018916,221.10880994796753,True,11709
1480,8018916,221.10880994796753,True,11709
1481,8018916,221.10880994796753,True,11709
1482,8018916,221.10880994796753,True,11709
1483,8018916,221.10880994796753,True,11709
1484,8018916,221.10880994796753,True,11709
1485,8018916,221.10880994796753,True,11709
1486,8018916,221.10880994796753,True,11709
1487,8018916,221.10880994796753,True,11709
1488,8018916,221.10880994796753,True,11709
1489,8018916,221.10880994796753,True,11709
1490,8018916,221.10880994796753,True,11709
1491,8018916,221.10880994796753,True,11709
1492,8018916,221.10880994796753,True,11709
1493,8018916,221.10880994796753,True,11709
1494,8018916,221.10880994796753,True,11709
1495,8018916,221.10880994796753,True,11709
1496,8018916,221.10880994796753,True,11709
1497,8018916,221.10880994796753,True,11709
1498,8018916,221.10880994796753,True,11709
1499,8018916,221.10880994796753,True,11709
1500,8018916,221.10880994796753,True,11709
1501,8018916,221.10880994796753,True,11709
1502,8018916,221.10880994796753,True,11709
1503,8018916,221.10880994796753,True,11709
1504,8018916,221.10880994796753,True,11709
1505,8018916,221.10880994796753,True,11709
1506,8018916,221.10880994796753,True,11709
1507,8018916,221.10880994796753,True,11709
1508,8018916,221.10880994796753,True,11709
1509,8018916,221.10880994796753,True,11709
1510,8018916,221.10880994796753,True,11709
1511,8018916,221.10880994796753,True,11709
1512,8018916,221.10880994796753,True,11709
1513,8018916,221.10880994796753,True,11709
1514,8018916,221.10880994796753,True,11709
1515,8018916,221.10880994796753,True,11709
1516,8018916,221.10880994796753,True,11709
1517,8018916,221.10880994796753,True,11709
1518,8018916,221.10880994796753,True,11709
1519,8018916,221.10880994796753,True,11709
1520,8018916,221.10880994796753,True,11709
1521,8018916,221.10880994796753,True,11709
1522,8018916,221.10880994796753,True,11709
1523,8018916,221.10880994796753,True,11709
1524,8018916,221.10880994796753,True,11709
1525,8018916,221.10880994796753,True,11709
1526,8018916,221.10880994796753,True,11709
1527,8018916,221.10880994796753,True,11709
1528,8018916,221.10880994796753,True,11709
1529,8018916,221.10880994796753,True,11709
1530,8018916,221.10880994796753,True,11709
1531,8018916,221.10880994796753,True,11709
1532,8018916,221.10880994796753,True,11709
1533,8018916,221.10880994796753,True,11709
1534,8018916,221.10880994796753,True,11709
1535,8018916,221.10880994796753,True,11709
1536,8018916,221.10880994796753,True,11709
1537,9348186,257.5641920566559,True,13676
1538,9348186,257.5641920566559,True,13676
1539,9348186,257.5641920566559,True,13676
1540,9348186,257.5641920566559,True,13676
1541,9348186,257.5641920566559,True,13676
1542,9348186,257.5641920566559,True,13676
1543,9348186,257.5641920566559,True,13676
1544,9348186,257.5641920566559,True,13676
1545,9348186,257.5641920566559,True,13676
1546,9348186,257.5641920566559,True,13676
1547,9348186,257.5641920566559,True,13676
1548,9348186,257.5641920566559,True,13676
1549,9348186,257.5641920566559,True,13676
1550,9348186,257.5641920566559,True,13676
1551,9348186,257.5641920566559,True,13676
1552,9348186,257.5641920566559,True,13676
1553,9348186,257.5641920566559,True,13676
1554,9348186,257.5641920566559,True,13676
1555,9348186,257.5641920566559,True,13676
1556,9348186,257.5641920566559,True,13676
1557,9348186,257.5641920566559,True,13676
1558,9348186,257.5641920566559,True,13676
1559,9348186,257.5641920566559,True,13676
1560,9348186,257.5641920566559,True,13676
1561,9348186,257.5641920566559,True,13676
1562,9348186,257.5641920566559,True,13676
1563,9348186,257.5641920566559,True,13676
1564,9348186,257.5641920566559,True,13676
1565,9348186,257.5641920566559,True,13676
1566,9348186,257.5641920566559,True,13676
1567,9348186,257.5641920566559,True,13676
1568,9348186,257.5641920566559,True,13676
1569,9348186,257.5641920566559,True,13676
1570,9348186,257.5641920566559,True,13676
1571,9348186,257.5641920566559,True,13676
1572,9348186,257.5641920566559,True,13676
1573,9348186,257.5641920566559,True,13676
1574,9348186,257.5641920566559,True,13676
1575,9348186,257.5641920566559,True,13676
1576,9348186,257.5641920566559,True,13676
1577,9348186,257.5641920566559,True,13676
1578,9348186,257.5641920566559,True,13676
1579,9348186,257.5641920566559,True,13676
1580,9348186,257.5641920566559,True,13676
1581,9348186,257.5641920566559,True,13676
1582,9348186,257.5641920566559,True,13676
1583,9348186,257.5641920566559,True,13676
1584,9348186,257.5641920566559,True,13676
1585,9348186,257.5641920566559,True,13676
1586,9348186,257.5641920566559,True,13676
1587,9348186,257.5641920566559,True,13676
1588,9348186,257.5641920566559,True,13676
1589,9348186,257.5641920566559,True,13676
1590,9348186,257.5641920566559,True,13676
1591,9348186,257.5641920566559,True,13676
1592,9348186,257.5641920566559,True,13676
1593,9348186,257.5641920566559,True,13676
1594,9348186,257.5641920566559,True,13676
1595,9348186,257.5641920566559,True,13676
1596,9348186,257.5641920566559,True,13676
1597,9348186,257.5641920566559,True,13676
1598,9348186,257.5641920566559,True,13676
1599,9348186,257.5641920566559,True,13676
1600,9348186,257.5641920566559,True,13676
1601,9348186,257.5641920566559,True,13676
1602,9348186,257.5641920566559,True,13676
1603,9348186,257.5641920566559,True,13676
1604,9348186,257.5641920566559,True,13676
1605,9348186,257.5641920566559,True,13676
1606,9348186,257.5641920566559,True,13676
1607,9348186,257.5641920566559,True,13676
1608,9348186,257.5641920566559,True,13676
1609,9348186,257.5641920566559,True,13676
1610,9348186,257.5641920566559,True,13676
1611,9348186,257.5641920566559,True,13676
1612,9348186,257.5641920566559,True,13676
1613,9348186,257.5641920566559,True,13676
1614,9348186,257.5641920566559,True,13676
1615,9348186,257.5641920566559,True,13676
1616,9348186,257.5641920566559,True,13676
1617,9348186,257.5641920566559,True,13676
1618,9348186,257.5641920566559,True,13676
1619,9348186,257.5641920566559,True,13676
1620,9348186,257.5641920566559,True,13676
1621,9348186,257.5641920566559,True,13676
1622,9348186,257.5641920566559,True,13676
1623,9348186,257.5641920566559,True,13676
1624,9348186,257.5641920566559,True,13676
1625,9348186,257.5641920566559,True,13676
1626,9348186,257.5641920566559,True,13676
1627,9348186,257.5641920566559,True,13676
1628,9348186,257.5641920566559,True,13676
1629,9348186,257.5641920566559,True,13676
1630,9348186,257.5641920566559,True,13676
1631,9348186,257.5641920566559,True,13676
1632,9348186,257.5641920566559,True,13676
1633,9348186,257.5641920566559,True,13676
1634,9348186,257.5641920566559,True,13676
1635,9348186,257.5641920566559,True,13676
1636,9348186,257.5641920566559,True,13676
1637,9348186,257.5641920566559,True,13676
1638,9348186,257.5641920566559,True,13676
1639,9348186,257.5641920566559,True,13676
1640,9348186,257.5641920566559,True,13676
1641,9348186,257.5641920566559,True,13676
1642,9348186,257.5641920566559,True,13676
1643,9348186,257.5641920566559,True,13676
1644,9348186,257.5641920566559,True,13676
1645,9348186,257.5641920566559,True,13676
1646,9348186,257.5641920566559,True,13676
1647,9348186,257.5641920566559,True,13676
1648,9348186,257.5641920566559,True,13676
1649,9348186,257.5641920566559,True,13676
1650,9348186,257.5641920566559,True,13676
1651,9348186,257.5641920566559,True,13676
1652,9348186,257.5641920566559,True,13676
1653,9348186,257.5641920566559,True,13676
1654,9348186,257.5641920566559,True,13676
1655,9348186,257.5641920566559,True,13676
1656,9348186,257.5641920566559,True,13676
1657,9348186,257.5641920566559,True,13676
1658,9348186,257.5641920566559,True,13676
1659,9348186,257.5641920566559,True,13676
1660,9348186,257.5641920566559,True,13676
1661,9348186,257.5641920566559,True,13676
1662,9348186,257.5641920566559,True,13676
1663,9348186,257.5641920566559,True,13676
1664,9348186,257.5641920566559,True,13676
1665,9348186,257.5641920566559,True,13676
1666,9348186,257.5641920566559,True,13676
1667,9348186,257.5641920566559,True,13676
1668,9348186,257.5641920566559,True,13676
1669,9348186,257.5641920566559,True,13676
1670,9348186,257.5641920566559,True,13676
1671,9348186,257.5641920566559,True,13676
1672,9348186,257.5641920566559,True,13676
1673,9348186,257.5641920566559,True,13676
1674,9348186,257.5641920566559,True,13676
1675,9348186,257.5641920566559,True,13676
1676,9348186,257.5641920566559,True,13676
1677,9348186,257.5641920566559,True,13676
1678,9348186,257.5641920566559,True,13676
1679,9348186,257.5641920566559,True,13676
1680,9348186,257.5641920566559,True,13676
1681,9348186,257.5641920566559,True,13676
1682,9348186,257.5641920566559,True,13676
1683,9348186,257.5641920566559,True,13676
1684,9348186,257.5641920566559,True,13676
1685,9348186,257.5641920566559,True,13676
1686,9348186,257.5641920566559,True,13676
1687,9348186,257.5641920566559,True,13676
1688,9348186,257.5641920566559,True,13676
1689,9348186,257.5641920566559,True,13676
1690,9348186,257.5641920566559,True,13676
1691,9348186,257.5641920566559,True,13676
1692,9348186,257.5641920566559,True,13676
1693,9348186,257.5641920566559,True,13676
1694,9348186,257.5641920566559,True,13676
1695,9348186,257.5641920566559,True,13676
1696,9348186,257.5641920566559,True,13676
1697,9348186,257.5641920566559,True,13676
1698,9348186,257.5641920566559,True,13676
1699,9348186,257.5641920566559,True,13676
1700,9348186,257.5641920566559,True,13676
1701,9348186,257.5641920566559,True,13676
1702,9348186,257.5641920566559,True,13676
1703,9348186,257.5641920566559,True,13676
1704,9348186,257.5641920566559,True,13676
1705,9348186,257.5641920566559,True,13676
1706,9348186,257.5641920566559,True,13676
1707,9348186,257.5641920566559,True,13676
1708,9348186,257.5641920566559,True,13676
1709,9348186,257.5641920566559,True,13676
1710,9348186,257.5641920566559,True,13676
1711,9348186,257.5641920566559,True,13676
1712,9348186,257.5641920566559,True,13676
1713,9348186,257.5641920566559,True,13676
1714,9348186,257.5641920566559,True,13676
1715,9348186,257.5641920566559,True,13676
1716,9348186,257.5641920566559,True,13676
1717,9348186,257.5641920566559,True,13676
1718,9348186,257.5641920566559,True,13676
1719,9348186,257.5641920566559,True,13676
1720,9348186,257.5641920566559,True,13676
1721,9348186,257.5641920566559,True,13676
1722,9348186,257.5641920566559,True,13676
1723,9348186,257.5641920566559,True,13676
1724,9348186,257.5641920566559,True,13676
1725,9348186,257.5641920566559,True,13676
1726,9348186,257.5641920566559,True,13676
1727,9348186,257.5641920566559,True,13676
1728,9348186,257.5641920566559,True,13676
1729,9348186,257.5641920566559,True,13676
1730,9348186,257.5641920566559,True,13676
1731,9348186,257.5641920566559,True,13676
1732,9348186,257.5641920566559,True,13676
1733,9348186,257.5641920566559,True,13676
1734,9348186,257.5641920566559,True,13676
1735,9348186,257.5641920566559,True,13676
1736,9348186,257.5641920566559,True,13676
1737,9348186,257.5641920566559,True,13676
1738,9348186,257.5641920566559,True,13676
1739,9348186,257.5641920566559,True,13676
1740,9348186,257.5641920566559,True,13676
1741,9348186,257.5641920566559,True,13676
1742,9348186,257.5641920566559,True,13676
1743,9348186,257.5641920566559,True,13676
1744,9348186,257.5641920566559,True,13676
1745,9348186,257.5641920566559,True,13676
1746,9348186,257.5641920566559,True,13676
1747,9348186,257.5641920566559,True,13676
1748,9348186,257.5641920566559,True,13676
1749,9348186,257.5641920566559,True,13676
1750,9348186,257.5641920566559,True,13676
1751,9348186,257.5641920566559,True,13676
1752,9348186,257.5641920566559,True,13676
1753,9348186,257.5641920566559,True,13676
1754,9348186,257.5641920566559,True,13676
1755,9348186,257.5641920566559,True,13676
1756,9348186,257.5641920566559,True,13676
1757,9348186,257.5641920566559,True,13676
1758,9348186,257.5641920566559,True,13676
1759,9348186,257.5641920566559,True,13676
1760,9348186,257.5641920566559,True,13676
1761,9348186,257.5641920566559,True,13676
1762,9348186,257.5641920566559,True,13676
1763,9348186,257.5641920566559,True,13676
1764,9348186,257.5641920566559,True,13676
1765,9348186,257.5641920566559,True,13676
1766,9348186,257.5641920566559,True,13676
1767,9348186,257.5641920566559,True,13676
1768,9348186,257.5641920566559,True,13676
1769,9348186,257.5641920566559,True,13676
1770,9348186,257.5641920566559,True,13676
1771,9348186,257.5641920566559,True,13676
1772,9348186,257.5641920566559,True,13676
1773,9348186,257.5641920566559,True,13676
1774,9348186,257.5641920566559,True,13676
1775,9348186,257.5641920566559,True,13676
1776,9348186,257.5641920566559,True,13676
1777,9348186,257.5641920566559,True,13676
1778,9348186,257.5641920566559,True,13676
1779,9348186,257.5641920566559,True,13676
1780,9348186,257.5641920566559,True,13676
1781,9348186,257.5641920566559,True,13676
1782,9348186,257.5641920566559,True,13676
1783,9348186,257.5641920566559,True,13676
1784,9348186,257.5641920566559,True,13676
1785,9348186,257.5641920566559,True,13676
1786,9348186,257.5641920566559,True,13676
1787,9348186,257.5641920566559,True,13676
1788,9348186,257.5641920566559,True,13676
1789,9348186,257.5641920566559,True,13676
1790,9348186,257.5641920566559,True,13676
1791,9348186,257.5641920566559,True,13676
1792,9348186,257.5641920566559,True,13676
1793,10008026,276.2660608291626,True,14648
1794,10008026,276.2660608291626,True,14648
1795,10008026,276.2660608291626,True,14648
1796,10008026,276.2660608291626,True,14648
1797,10008026,276.2660608291626,True,14648
1798,10008026,276.2660608291626,True,14648
1799,10008026,276.2660608291626,True,14648
1800,10008026,276.2660608291626,True,14648
1801,10008026,276.2660608291626,True,14648
1802,10008026,276.2660608291626,True,14648
1803,10008026,276.2660608291626,True,14648
1804,10008026,276.2660608291626,True,14648
1805,10008026,276.2660608291626,True,14648
1806,10008026,276.2660608291626,True,14648
1807,10008026,276.2660608291626,True,14648
1808,10008026,276.2660608291626,True,14648
1809,10008026,276.2660608291626,True,14648
1810,10008026,276.2660608291626,True,14648
1811,10008026,276.2660608291626,True,14648
1812,10008026,276.2660608291626,True,14648
1813,10008026,276.2660608291626,True,14648
1814,10008026,276.2660608291626,True,14648
1815,10008026,276.2660608291626,True,14648
1816,10008026,276.2660608291626,True,14648
1817,10008026,276.2660608291626,True,14648
1818,10008026,276.2660608291626,True,14648
1819,10008026,276.2660608291626,True,14648
1820,10008026,276.2660608291626,True,14648
1821,10008026,276.2660608291626,True,14648
1822,10008026,276.2660608291626,True,14648
1823,10008026,276.2660608291626,True,14648
1824,10008026,276.2660608291626,True,14648
1825,10008026,276.2660608291626,True,14648
1826,10008026,276.2660608291626,True,14648
1827,10008026,276.2660608291626,True,14648
1828,10008026,276.2660608291626,True,14648
1829,10008026,276.2660608291626,True,14648
1830,10008026,276.2660608291626,True,14648
1831,10008026,276.2660608291626,True,14648
1832,10008026,276.2660608291626,True,14648
1833,10008026,276.2660608291626,True,14648
1834,10008026,276.2660608291626,True,14648
1835,10008026,276.2660608291626,True,14648
1836,10008026,276.2660608291626,True,14648
1837,10008026,276.2660608291626,True,14648
1838,10008026,276.2660608291626,True,14648
1839,10008026,276.2660608291626,True,14648
1840,10008026,276.2660608291626,True,14648
1841,10008026,276.2660608291626,True,14648
1842,10008026,276.2660608291626,True,14648
1843,10008026,276.2660608291626,True,14648
1844,10008026,276.2660608291626,True,14648
1845,10008026,276.2660608291626,True,14648
1846,10008026,276.2660608291626,True,14648
1847,10008026,276.2660608291626,True,14648
1848,10008026,276.2660608291626,True,14648
1849,10008026,276.2660608291626,True,14648
1850,10008026,276.2660608291626,True,14648
1851,10008026,276.2660608291626,True,14648
1852,10008026,276.2660608291626,True,14648
1853,10008026,276.2660608291626,True,14648
1854,10008026,276.2660608291626,True,14648
1855,10008026,276.2660608291626,True,14648
1856,10008026,276.2660608291626,True,14648
1857,10008026,276.2660608291626,True,14648
1858,10008026,276.2660608291626,True,14648
1859,10008026,276.2660608291626,True,14648
1860,10008026,276.2660608291626,True,14648
1861,10008026,276.2660608291626,True,14648
1862,10008026,276.2660608291626,True,14648
1863,10008026,276.2660608291626,True,14648
1864,10008026,276.2660608291626,True,14648
1865,10008026,276.2660608291626,True,14648
1866,10008026,276.2660608291626,True,14648
1867,10008026,276.2660608291626,True,14648
1868,10008026,276.2660608291626,True,14648
1869,10008026,276.2660608291626,True,14648
1870,10008026,276.2660608291626,True,14648
1871,10008026,276.2660608291626,True,14648
1872,10008026,276.2660608291626,True,14648
1873,10008026,276.2660608291626,True,14648
1874,10008026,276.2660608291626,True,14648
1875,10008026,276.2660608291626,True,14648
1876,10008026,276.2660608291626,True,14648
1877,10008026,276.2660608291626,True,14648
1878,10008026,276.2660608291626,True,14648
1879,10008026,276.2660608291626,True,14648
1880,10008026,276.2660608291626,True,14648
1881,10008026,276.2660608291626,True,14648
1882,10008026,276.2660608291626,True,14648
1883,10008026,276.2660608291626,True,14648
1884,10008026,276.2660608291626,True,14648
1885,10008026,276.2660608291626,True,14648
1886,10008026,276.2660608291626,True,14648
1887,10008026,276.2660608291626,True,14648
1888,10008026,276.2660608291626,True,14648
1889,10008026,276.2660608291626,True,14648
1890,10008026,276.2660608291626,True,14648
1891,10008026,276.2660608291626,True,14648
1892,10008026,276.2660608291626,True,14648
1893,10008026,276.2660608291626,True,14648
1894,10008026,276.2660608291626,True,14648
